nombre,categoria, precio ,stock,ml,tipo,aroma,imagen
ABERCROMBIE & FITCH FIRST INSTINCT,caballero, $922.00 ,1,100,EDT,Amaderada,16310
ABERCROMBIE & FITCH FIERCE COLOGNE,caballero," $1,186.00 ",2,100,EDC,Amaderada,16958
ADIDAS VICTORY LEAGUE,caballero, $314.00 ,3,100,EDT,Amaderada,32205
AFNAN SUPREMACY NOT ONLY INTENSE,caballero," $1,680.00 ",2,100,EDP,Amaderada,https://http2.mlstatic.com/D_NQ_NP_955910-MLU73423373691_122023-O.webp
AL HARAMAIN AMBER OUD BLUE EDITION,caballero," $1,667.50 ",1,100,PARFUM,Amaderada,https://ss701.liverpool.com.mx/xl/1124632028.jpg
AZLAN OUD BLEU,caballero," $1,932.00 ",2,100,EDP,Amaderada,AHP1349
ANIMALE FOR MEN,caballero, $775.00 ,1,100,EDT,Amaderada,68163
THE ICON,caballero," $1,046.00 ",1,100,EDT,Amaderada,65167321
THE ICON,caballero," $1,201.00 ",1,200,EDT,Amaderada,65168034
THE ICON ELIXIR ,caballero," $1,085.00 ",1,100,EDP,Amaderada,65187449
THE ICON ATTITUDE,caballero," $1,046.00 ",1,100,EDP,Amaderada,65198342
KING OF SEDUCTION ABSOLUTE,caballero, $868.00 ,1,100,EDT,Amaderada,65101608
CLUB DE NUIT BLUE ICONIC,caballero," $1,617.00 ",1,105,EDT,Acuatica,16415
EMPORIO ARMANI,caballero," $2,267.00 ",1,100,EDT,Amaderada,https://www.perfumesfinos.mx/cdn/shop/files/3614273070249_2793682f-c687-4220-b5f1-ab54d959dbbe.jpg?v=1728988592&width=1024
BENETTON FOREVER GREEN MAN,caballero," $1,085.00 ",2,100,EDT,Amaderada,65201914
COLORS MEN GREEN,caballero," $1,085.00 ",1,100,EDT,Amaderada,65131031
BENETTON ONE SUMMER FOR HIM,caballero, $922.00 ,2,100,EDT,Amaderada,65143398
SET BENETTON UNITED DREAMS TOGETHER FOR HIM 2PZ,caballero," $1,039.00 ",2,100,EST,Amaderada,65191696
UNITED DREAMS AIM HIGH,caballero," $1,085.00 ",2,100,EDT,Amaderada,65102232
COLORS MAN BLUE,caballero," $1,356.00 ",1,100,EDT,Acuatica,65131032
COLORS BLACK INTENSO,caballero," $1,163.00 ",1,100,EDP,Amaderada,65170534
VIKING BEIRUT PARFUM ,caballero," $1,932.00 ",1,100,EDP,Amaderada,https://cazanovaonline.mx/cdn/shop/files/png_viking_beirut_tiendajr.jpg?v=1684783536
BHARARA PHARAOH RAMESSES,caballero," $3,346.00 ",1,100,EDP,Amaderada,"https://m.media-amazon.com/images/I/71xTciAYZSL._UF1000,1000_QL80_.jpg"
BURBERRY LONDON,caballero," $1,240.00 ",1,100,EDT,Amaderada,90521
BURBERRY FOR MEN ,caballero," $1,550.00 ",1,100,EDT,Amaderada,5879
SET MR BURBERRY,caballero," $2,519.00 ",1,100/50,EDT,Amaderada,3512
BURBERRY HERO REFILLABLE,caballero," $3,255.00 ",2,100,EDP,Amaderada,83801
BVLGARI MAN RAIN ESSENCE,caballero," $2,992.00 ",1,100,EDP,Amaderada,I0091746
BVLGARI MAN GLACIAL ESSENCE,caballero," $2,992.00 ",1,100,EDP,Amaderada,I0091753
BVLGARI MAN TERRAE ESSENCE,caballero," $2,992.00 ",1,100,EDP,Amaderada,I0091912
OBSESSION NIGHT,caballero, $884.00 ,1,125,EDT,Amaderada,1006140
OBSESSION FOR MEN,caballero," $1,209.00 ",2,125,EDT,Amaderada,10651
ETERNITY FOR MEN,caballero," $1,209.00 ",2,100,EDT,Amaderada,10551
CK BE,caballero," $1,070.00 ",3,100,EDT,Amaderada,10440
CARLO CORINTO DARK,caballero," $1,054.00 ",2,100,EDP,Amaderada,105005
CARLO CORINTO WILD ,caballero," $1,054.00 ",2,100,EDP,Amaderada,558029
CARLO CORINTO EAU BLEUE,caballero," $1,054.00 ",2,100,EDT,Amaderada,699
CARLO CORINTO,caballero," $1,085.00 ",2,100,EDT,Amaderada,9034
SET CARLO CORINTO DARK 3PZS,caballero," $1,116.00 ",1,100,EDP,Amaderada,1050056404
CARLO CORINTO ONE FOREVER MAN,caballero," $1,054.00 ",1,100,EDP,Amaderada,1050060034
CARLO CORINTO ONE MAN,caballero," $1,054.00 ",2,100,EDP,Amaderada,53034
BAD BOY CAROLINA HERRERA,caballero," $2,319.00 ",2,100,EDT,Amaderada,"https://m.media-amazon.com/images/I/61SnFqrIfgL._AC_UF1000,1000_QL80_.jpg"
212 MEN NYC EDT,caballero," $2,573.00 ",1,100,EDT,Amaderada,24160
212 MEN MTV,caballero," $2,410.00 ",1,100,EDT,Amaderada,65202407
212 HEROES ,caballero," $2,705.00 ",1,90,EDT,Amaderada,65156400
BAD BOY EXTREME,caballero," $3,100.00 ",1,100,EDP,Amaderada,65187305
CHIC FOR MEN,caballero," $2,488.00 ",1,100,EDT,Amaderada,6001160
CH MEN PASIÓN,caballero," $2,705.00 ",1,100,EDP,Amaderada,65186839
CH MEN,caballero," $2,728.00 ",2,100,EDT,Amaderada,6792
CK ONE,caballero," $1,070.00 ",3,100,EDT,Amaderada,10740
COOL WATER,caballero, $930.00 ,1,125,EDT,Amaderada,80153
D BY DIESEL,caballero," $1,814.00 ",2,100,EDT,Amaderada,LD552800
DIESEL ONLY THE BRAVE,caballero," $1,170.00 ",2,125,EDT,Amaderada,6164420
DIOR HOMME INTENSE,caballero," $3,712.00 ",1,100,EDP,Amaderada,F047924709
DOLCE & GABBANA,caballero," $2,519.00 ",1,100,EDP,Amaderada,7895214
DOLCE & GABBANA LIGHT BLUE,caballero," $2,015.00 ",1,125,EDT,Acuatica,1G95150000
SCUDERIA FERRARI BLACK,caballero, $744.00 ,1,125,EDT,Amaderada,4604
FERRIONI UOMO,caballero," $1,008.00 ",2,100,EDT,Amaderada,132M003034
FERRIONI DEEP BLUE,caballero, $946.00 ,1,100,EDT,Acuatica,29112
SET FERRIONI OOH BOY! NEON VIBES 3PZS,caballero," $1,077.00 ",1,100,EDT,Amaderada,2034404
NEON VIBES# OohBoy!,caballero, $791.00 ,2,100,EDT,Amaderada,1320031034
NEON VIBES #HeyDude!,caballero, $791.00 ,2,100,EDT,Amaderada,1320032034
SET ACQUA DI GIO 2PZS,caballero," $3,023.00 ",2,100,EDT,Acuatica,LF020600
ACQUA DI GIO,caballero," $3,023.00 ",1,100,EDP,Acuatica,https://i5.walmartimages.com.mx/mg/gm/1p/images/product-images/img_large/00336037205887l.jpg
GIVENCHY POUR HOMME BLUE LABEL,caballero," $2,093.00 ",2,100,EDT,Acuatica,6789
PI GIVENCHY,unisex," $2,093.00 ",2,100,EDT,Amaderada,P822256
GUCCI GUILTY POUR HOMME,caballero," $2,434.00 ",1,90,EDT,Amaderada,81183790
GUCCI GUILTY POUR HOMME,caballero," $3,162.00 ",2,100,EDP,Amaderada,38212
L'HOMME IDEAL,caballero," $2,015.00 ",1,100,EDP,Amaderada,G030312
VETIVER,caballero," $1,728.00 ",1,100,EDT,Amaderada,G030486
GUESS UOMO INTENSO EST 1981,caballero, $868.00 ,2,100,EDP,Amaderada,https://guessmx.vtexassets.com/arquivos/ids/668699-800-1067?v=638548517292800000&width=800&height=1067&aspect=true
GUESS MEN,caballero, $806.00 ,1,75,EDT,Amaderada,71323277
GUESS SEDUCTIVE HOMME NOIR MEN,caballero, $806.00 ,2,100,EDT,Amaderada,32037
GUESS SEDUCTIVE HOMME BLUE,caballero, $806.00 ,1,100,EDT,Acuatica,8003GH00
GUESS 1981 LOS ANGELES MEN ,caballero, $845.00 ,1,100,EDT,Amaderada,"https://m.media-amazon.com/images/I/719xyWPPMKL._AC_UF894,1000_QL80_.jpg"
GUESS 1981 INDIGO MEN,caballero, $845.00 ,2,100,EDT,Amaderada,https://cdn11.bigcommerce.com/s-2vt02okold/images/stencil/1280x1280/products/3552/4203/HGUE1981I__48350.1731099901.jpg?c=1
SET GUESS 1981 LOS ANGELES FOR MEN 3PZS,caballero, $992.00 ,1,100,EDT,Amaderada,33001
SET GUESS MAN GOLD 3PZS,caballero, $992.00 ,1,75,EDT,Amaderada,https://http2.mlstatic.com/D_NQ_NP_739939-MLU72604135500_112023-O.webp
GUESS MAN GOLD 3PZAS,caballero, $893.00 ,1,75,EDT,Amaderada,https://i5.walmartimages.com/asr/e1cfac92-19cc-439a-b480-b490cfc46e2f.3139a78ed7ea2ffa6b87a449768bdc3b.jpeg?odnHeight=612&odnWidth=612&odnBg=FFFFFF
DRAKKAR NOIR,caballero, $814.00 ,1,100,EDT,Amaderada,200943
BOSS BOTTLED,caballero," $1,767.00 ",2,100,EDT,Amaderada,35110
BOSS BOTTLED INFINITE,caballero," $1,891.00 ",2,100,EDP,Amaderada,22089
HUGO XY,caballero," $1,643.00 ",2,100,EDT,Amaderada,81078847
BOSS BOTTLED TONIC,caballero," $1,767.00 ",2,100,EDT,Amaderada,BB-0000041
BOSS BOTTLED ,caballero," $2,015.00 ",2,100,EDP,Amaderada,82853
BOSS BOTTLED UNLIMITED,caballero," $1,767.00 ",2,100,EDT,Amaderada,766775
HUGO GREEN ,caballero," $1,643.00 ",2,125,EDT,Amaderada,82380
BOSS NUMBER ONE,caballero," $1,077.00 ",1,100,EDT,Amaderada,62333
BOSS ORANGE,caballero," $1,426.00 ",2,100,EDT,Amaderada,62335
SCANDAL LE PARFUM,caballero," $3,085.00 ",1,100,EDP,Amaderada,65182477
JEAN PAUL GAULTIER SCANDAL ABSOLU,caballero," $3,371.00 ",1,100,PARFUM,Amaderada,65189839
LACOSTE BOOSTER,caballero," $1,542.00 ",1,125,EDT,Amaderada,LC010A01
LACOSTE L 12. 12 BLANC,caballero," $1,807.00 ",1,100,EDT,Amaderada,https://cdn2.jomashop.com/media/catalog/product/l/a/lacoste-mens-eau-de-lacoste-l1212-white-edt-spray-34-oz-fragrances-3386460149082.jpg
LATTAFA ASAD BURBON,caballero," $1,435.50 ",1,100,EDP,Amaderada,https://encrypted-tbn0.gstatic.com/images?q=tbn:ANd9GcQJrVceRFs17k_zCEE5EHlcQsLiUqV3x2tu6Q&s
MONT BLANC LEGEND SPIRIT,caballero," $1,705.00 ",2,100,EDT,Amaderada,MB-0000027
MONTBLANC LEGEND BLUE,caballero," $1,814.00 ",1,100,EDP,Acuatica,1C7L027A01
MONT BLANC LEGEND RED,caballero," $1,814.00 ",2,100,EDP,Amaderada,https://cdn11.bigcommerce.com/s-2vt02okold/images/stencil/1280x1280/products/3495/3992/HMONBLR__67799.1731099902.jpg?c=1
MONT BLANC LEGEND,caballero," $1,705.00 ",1,100,EDT,Amaderada,MB-032681
MOSCHINO TOY BOY,caballero," $1,953.00 ",3,100,EDP,Amaderada,1260006W10
MOSCHINO TOY BOY,caballero," $2,539.00 ",2,100,EDP,Amaderada,https://resources.sanborns.com.mx/imagenes-sanborns-ii/1200/8011003845132.jpg
NAUTICA BLUE,caballero, $457.00 ,3,100,EDT,Acuatica,508027
NAUTICA CLASSIC,caballero, $457.00 ,1,100,EDT,Acuatica,4016
NAUTICA VOYAGE SPORT,caballero, $519.00 ,3,100,EDT,Acuatica,5878
ONE MILLION,caballero," $2,813.00 ",2,100,EDT,Amaderada,https://tienda.aeromexico.com/media/catalog/product/cache/8f61e4cc3efa147dc0bb165c50c5b4f9/1/2/120179_..jpeg
ONE MILLION PARFUM,caballero," $3,240.00 ",1,100,EDP,Amaderada,65156001
ONE MILLION ELIXIR INTENSE,caballero," $3,379.00 ",1,100,EDP,Amaderada,65177273
ONE MILLION GOLD INTENSE,caballero," $3,271.00 ",1,100,EDP,Amaderada,65200311
PHANTOM PARFUM,caballero," $3,224.00 ",1,100,EDP,Amaderada,65188737
PHANTOM INTENSE,caballero," $3,100.00 ",2,100,EDP,Amaderada,65200224
PHANTOM,caballero," $2,868.00 ",2,100,EDT,Amaderada,65158923
PACO RABANNE BLACK XS,caballero," $2,465.00 ",1,100,EDT,Amaderada,65118505
PURE XS,caballero," $2,511.00 ",1,100,EDT,Amaderada,65115941
PACO RABANNE INVICTUS,caballero," $2,813.00 ",1,100,EDT,Amaderada,65055742
SET PERRY ELLIS 360° FOR MEN 4PZS,caballero," $1,062.00 ",1,100,EDT,Amaderada,https://cdn1.coppel.com/images/catalog/mkp/1031/3000/10311068-1.jpg
SET PERRY ELLIS 360 VERY BLUE FOR MEN,caballero," $1,077.00 ",1,100,EDT,Acuatica,https://www.bezali.com/cdn/shop/products/844061014442raw_1024x1024.jpg?v=1651787460
PRADA LUNA ROSA OCEAN LE PARFUM REFILLABLE,caballero," $3,813.00 ",1,100,PARFUM,Amaderada,145896
POLO DEEP BLUE,caballero," $3,116.00 ",1,125,PARFUM,Acuatica,S3548800
SET RALPH'S CLUB 3PZS,caballero," $3,410.00 ",1,100,EDP,Amaderada,TMX05091
FERRAGAMO UOMO URBAN FEEL,caballero," $1,000.00 ",1,100,EDT,Amaderada,24806
FERRAGAMO UOMO CASUAL LIFE,caballero," $1,000.00 ",1,100,EDT,Amaderada,PFER0325992
FERRAGAMO UOMO,caballero," $2,604.00 ",1,100,EDT,Amaderada,PFER0325543
SALVATORE FERRAGAMO POUR HOMME,caballero, $930.00 ,2,100,EDT,Amaderada,43152
FERRAGAMO FREE TIME,caballero, $884.00 ,1,100,EDT,Amaderada,37252
F BY SALVATORE FERRAGAMO POUR HOMME,caballero, $930.00 ,2,100,EDT,Amaderada,54252
FERRAGAMO BLACK,caballero, $930.00 ,1,100,EDT,Amaderada,59252
SALVATORE FERRAGAMO POUR HOMME 3PZS,caballero, $915.00 ,1,100,EDT,Amaderada,43400
SALVATORE FERRAGAMO AMO,caballero," $1,465.00 ",1,100,EDP,Amaderada,2576
FERRAGAMO UOMO,caballero," $2,344.00 ",1,100,EDT,Amaderada,https://cdn2.jomashop.com/media/catalog/product/u/o/uomo-salvatore-ferragamo-s-ferragamo-edt-spray-34-oz-100-ml-m-8052086371804.jpg
VALENTINO UOMO,caballero," $3,534.00 ",1,100,EDT,Amaderada,65065171
VALENTINO UOMO GREEN STRAVAGANZA,caballero," $2,930.00 ",1,100,EDP,Amaderada,https://arome.mx/cdn/shop/files/descarga_9.jpg?v=1725562344&width=600
VERSACE POUR HOMME,caballero," $1,969.00 ",3,100,EDT,Amaderada,7200010
SWISS ARMY SPORT,caballero, $945.00 ,1,100,EDT,Fresco,V0000890
ALTITUDE,caballero, $837.00 ,2,100,EDT,Amaderada,V0000892
POLO 125ML,caballero," $1,961.00 ",1,125,EDT,Amaderada,https://fimgs.net/mdimg/perfume/o.890.jpg
ARMAF ODYSSEY WILD ONE GOLD EDITION,caballero, $848.73 ,1,100,EDP,Amaderada,https://fimgs.net/mdimg/perfume-thumbs/375x500.83137.jpg
212 VIP BLACK MEN,caballero," $2,219.67 ",1,100,EDP,Amaderada,https://lamarinamx.vtexassets.com/arquivos/ids/228876/8411061870518.jpg?v=638830226194370000
CUBA ROYAL,caballero, $313.57 ,2,100,EDT,Amaderada,https://ss701.liverpool.com.mx/xl/1118245420.jpg
CUBA WILD HEART,caballero, $289.52 ,2,100,EDT,Amaderada,https://fimgs.net/mdimg/perfume/o.19362.jpg
CUBA WINNER,caballero, $313.57 ,2,100,EDT,Amaderada,https://m.media-amazon.com/images/I/71MJfTlt8eL.jpg
LATTAFA BADE'E AL OUD FOR GLORY,caballero, $799.00 ,2,100,EDP,Amaderada,https://fimgs.net/mdimg/perfume-thumbs/375x500.64948.jpg
LATTAFA MAHARJAN GOLD,caballero, $799.00 ,1,100,EDP,Amaderada,https://fimgs.net/mdimg/perfume-thumbs/375x500.82798.jpg
NAUTICA VOYAGE,caballero, $518.00 ,2,100,EDT,Acuatica,https://fimgs.net/mdimg/perfume/o.913.jpg
PERRY ELLIS 360° BLACK,caballero, $806.00 ,1,100,EDT,Amaderada,https://www.perfumecenter.com.mx/cdn/shop/products/844061000513_c95c58e0-a2bd-490f-ad09-60e527111628_800x.jpg?v=1602239432
SAUVAGE,caballero," $3,206.27 ",1,100,EDT,Amaderada,https://www.sephora.com.mx/on/demandware.static/-/Sites-masterCatalog_Sephora/es_MX/dw4f9ae0ec/images/hi-res/boletos/PAOLA%20MACEDO/DIOR/3348901605366_x1.jpg
CUBA SHADOW,caballero, $302.02 ,1,100,EDT,Amaderada,https://fimgs.net/mdimg/perfume-thumbs/375x500.74420.jpg
